cruise,file,time,lat,lon,opp_evt_ratio,flow_rate,file_duration,pop,n_count,abundance,fsc_small,chl_small,pe
DeepDOM,2013_085/475.evt,3/26/2013 23:52:07,-37.36856667,-48.53576667,0.02272727273,2450.065999,180,beads,8,0.04788986638,357.3936547,48.28429225,543.6688064
DeepDOM,2013_085/475.evt,3/26/2013 23:52:07,-37.36856667,-48.53576667,0.02272727273,2450.065999,180,picoeuks,1036,6.201737696,411.2172316,126.8784354,23.88711308
DeepDOM,2013_085/475.evt,3/26/2013 23:52:07,-37.36856667,-48.53576667,0.02272727273,2450.065999,180,prochloro,31924,191.1045118,8.463378521,2.88925067,1.878711691
DeepDOM,2013_085/475.evt,3/26/2013 23:52:07,-37.36856667,-48.53576667,0.02272727273,2450.065999,180,synecho,2442,14.61838171,46.60129139,7.18660354,15.80001479
DeepDOM,2013_085/475.evt,3/26/2013 23:52:07,-37.36856667,-48.53576667,0.02272727273,2450.065999,180,unknown,1288,7.710268487,206.6080465,6.024380296,7.763359786
DeepDOM,2013_085/476.evt,3/26/2013 23:55:07,-37.37063333,-48.52238333,0.02219348821,2495.46094,180,beads,14,0.08426174282,310.5129485,34.38418064,438.5744085
DeepDOM,2013_085/476.evt,3/26/2013 23:55:07,-37.37063333,-48.52238333,0.02219348821,2495.46094,180,picoeuks,1052,6.331668103,442.4120125,132.616033,19.1328992
DeepDOM,2013_085/476.evt,3/26/2013 23:55:07,-37.37063333,-48.52238333,0.02219348821,2495.46094,180,prochloro,30830,185.5563951,8.140795899,2.734012118,1.871833755
DeepDOM,2013_085/476.evt,3/26/2013 23:55:07,-37.37063333,-48.52238333,0.02219348821,2495.46094,180,synecho,2279,13.71660799,45.55934063,5.789328868,12.40235739
DeepDOM,2013_085/476.evt,3/26/2013 23:55:07,-37.37063333,-48.52238333,0.02219348821,2495.46094,180,unknown,1423,8.564604288,225.280691,5.797414988,6.241501616
DeepDOM,2013_086/1.evt,3/27/2013 0:00:21,-37.37395,-48.50055,0.02119602336,2495.46094,180,beads,23,0.1449443915,293.8976244,29.03932323,497.7096583
DeepDOM,2013_086/1.evt,3/27/2013 0:00:21,-37.37395,-48.50055,0.02119602336,2495.46094,180,picoeuks,1088,6.856499912,441.3364466,122.8705719,17.60656438
DeepDOM,2013_086/1.evt,3/27/2013 0:00:21,-37.37395,-48.50055,0.02119602336,2495.46094,180,prochloro,29724,187.3185693,8.548650516,2.637560546,1.913391172
DeepDOM,2013_086/1.evt,3/27/2013 0:00:21,-37.37395,-48.50055,0.02119602336,2495.46094,180,synecho,2317,14.60157196,46.27774189,5.302430466,10.7315127
DeepDOM,2013_086/1.evt,3/27/2013 0:00:21,-37.37395,-48.50055,0.02119602336,2495.46094,180,unknown,1545,9.736481952,211.944457,5.867976325,7.286968123
DeepDOM,2013_086/2.evt,3/27/2013 0:03:21,-37.37566667,-48.48845,0.02096714018,2495.46094,180,beads,16,0.1019315792,361.735698,32.57348828,595.3272515
DeepDOM,2013_086/2.evt,3/27/2013 0:03:21,-37.37566667,-48.48845,0.02096714018,2495.46094,180,picoeuks,1127,7.179805609,444.3875331,128.688817,16.56536147
DeepDOM,2013_086/2.evt,3/27/2013 0:03:21,-37.37566667,-48.48845,0.02096714018,2495.46094,180,prochloro,29757,189.5736251,8.714673782,2.752433957,1.905534837
DeepDOM,2013_086/2.evt,3/27/2013 0:03:21,-37.37566667,-48.48845,0.02096714018,2495.46094,180,synecho,2545,16.21349181,46.03269727,5.593060491,11.74095374
DeepDOM,2013_086/2.evt,3/27/2013 0:03:21,-37.37566667,-48.48845,0.02096714018,2495.46094,180,unknown,1567,9.982924037,208.1516981,6.033594788,7.062380369
DeepDOM,2013_086/3.evt,3/27/2013 0:06:21,-37.37746667,-48.4753,0.02102022909,2495.46094,180,beads,23,0.1461565759,323.1294545,30.59202148,515.5651601
DeepDOM,2013_086/3.evt,3/27/2013 0:06:21,-37.37746667,-48.4753,0.02102022909,2495.46094,180,picoeuks,1141,7.250637091,441.9871867,122.0509089,12.50851507
DeepDOM,2013_086/3.evt,3/27/2013 0:06:21,-37.37746667,-48.4753,0.02102022909,2495.46094,180,prochloro,30274,192.3801817,8.663532433,2.787373251,1.883638204
DeepDOM,2013_086/3.evt,3/27/2013 0:06:21,-37.37746667,-48.4753,0.02102022909,2495.46094,180,synecho,2461,15.63875362,46.04326035,6.36431664,12.5125243
DeepDOM,2013_086/3.evt,3/27/2013 0:06:21,-37.37746667,-48.4753,0.02102022909,2495.46094,180,unknown,1651,10.4915003,217.3412417,5.772490564,5.694912546
DeepDOM,2013_086/4.evt,3/27/2013 0:09:22,-37.3792,-48.46341667,0.02092253009,2494.598898,180,beads,26,0.1660493447,362.9371947,45.50292941,581.4662925
DeepDOM,2013_086/4.evt,3/27/2013 0:09:22,-37.3792,-48.46341667,0.02092253009,2494.598898,180,picoeuks,1049,6.699452407,456.4428945,133.0807381,12.90680515
DeepDOM,2013_086/4.evt,3/27/2013 0:09:22,-37.3792,-48.46341667,0.02092253009,2494.598898,180,prochloro,29999,191.5890112,8.672340548,2.721202952,1.897383331
DeepDOM,2013_086/4.evt,3/27/2013 0:09:22,-37.3792,-48.46341667,0.02092253009,2494.598898,180,synecho,2341,14.95082753,46.72837303,5.496907496,11.54895888
DeepDOM,2013_086/4.evt,3/27/2013 0:09:22,-37.3792,-48.46341667,0.02092253009,2494.598898,180,unknown,1550,9.899095548,211.8696977,5.560231356,7.87423513
DeepDOM,2013_086/5.evt,3/27/2013 0:12:22,-37.38071667,-48.45061667,0.02120979381,2495.46094,180,beads,25,0.1574459635,339.9381299,36.99501868,563.7815443
DeepDOM,2013_086/5.evt,3/27/2013 0:12:22,-37.38071667,-48.45061667,0.02120979381,2495.46094,180,picoeuks,1113,7.009494294,466.1813468,131.4532042,10.15887741
DeepDOM,2013_086/5.evt,3/27/2013 0:12:22,-37.38071667,-48.45061667,0.02120979381,2495.46094,180,prochloro,30127,189.7349817,8.728633036,2.722128921,1.899321813
DeepDOM,2013_086/5.evt,3/27/2013 0:12:22,-37.38071667,-48.45061667,0.02120979381,2495.46094,180,synecho,2267,14.27719997,46.44330409,5.275862919,10.69719517
DeepDOM,2013_086/5.evt,3/27/2013 0:12:22,-37.38071667,-48.45061667,0.02120979381,2495.46094,180,unknown,1650,10.39143359,218.9662153,5.927354289,6.950186612
DeepDOM,2013_086/6.evt,3/27/2013 0:15:22,-37.38231667,-48.43825,0.021405574,2495.46094,180,beads,33,0.205927824,338.9357658,30.43065997,523.7020028
DeepDOM,2013_086/6.evt,3/27/2013 0:15:22,-37.38231667,-48.43825,0.021405574,2495.46094,180,picoeuks,1161,7.244915264,441.5921737,126.4421849,13.1119345
DeepDOM,2013_086/6.evt,3/27/2013 0:15:22,-37.38231667,-48.43825,0.021405574,2495.46094,180,prochloro,30502,190.3397118,9.045001655,2.776347899,1.909485658
DeepDOM,2013_086/6.evt,3/27/2013 0:15:22,-37.38231667,-48.43825,0.021405574,2495.46094,180,synecho,2488,15.52570989,46.1252859,5.554884281,11.36398716
DeepDOM,2013_086/6.evt,3/27/2013 0:15:22,-37.38231667,-48.43825,0.021405574,2495.46094,180,unknown,1558,9.72228939,212.1259482,5.855193155,7.452002584
DeepDOM,2013_086/7.evt,3/27/2013 0:18:23,-37.38381667,-48.42596667,0.02125169608,2495.46094,180,beads,18,0.1131375781,330.6815946,32.25286585,548.5442209
DeepDOM,2013_086/7.evt,3/27/2013 0:18:23,-37.38381667,-48.42596667,0.02125169608,2495.46094,180,picoeuks,1298,8.158476462,410.7843615,120.2033089,11.9928237
DeepDOM,2013_086/7.evt,3/27/2013 0:18:23,-37.38381667,-48.42596667,0.02125169608,2495.46094,180,prochloro,29946,188.2232174,8.827968627,2.748442678,1.934621619
DeepDOM,2013_086/7.evt,3/27/2013 0:18:23,-37.38381667,-48.42596667,0.02125169608,2495.46094,180,synecho,2645,16.62493855,45.82845586,5.493806734,10.92719297
DeepDOM,2013_086/7.evt,3/27/2013 0:18:23,-37.38381667,-48.42596667,0.02125169608,2495.46094,180,unknown,1631,10.25152166,208.3133402,5.979691871,5.686903193
DeepDOM,2013_086/8.evt,3/27/2013 0:21:23,-37.38538333,-48.41301667,0.02130114499,2495.46094,180,beads,18,0.1128749382,335.8578375,37.25647363,515.1888635
DeepDOM,2013_086/8.evt,3/27/2013 0:21:23,-37.38538333,-48.41301667,0.02130114499,2495.46094,180,picoeuks,1514,9.494036466,412.283539,119.3923311,10.67859446
DeepDOM,2013_086/8.evt,3/27/2013 0:21:23,-37.38538333,-48.41301667,0.02130114499,2495.46094,180,prochloro,29917,187.6044181,8.713858255,2.715083476,1.95202063
DeepDOM,2013_086/8.evt,3/27/2013 0:21:23,-37.38538333,-48.41301667,0.02130114499,2495.46094,180,synecho,2673,16.76192832,47.23160732,5.293573692,11.35959657
DeepDOM,2013_086/8.evt,3/27/2013 0:21:23,-37.38538333,-48.41301667,0.02130114499,2495.46094,180,unknown,1601,10.03959867,198.7919643,6.062238526,5.248103074
DeepDOM,2013_086/9.evt,3/27/2013 0:24:23,-37.38676667,-48.40216667,0.02141379694,2495.46094,180,beads,11,0.06861624912,346.4041848,37.52286072,552.9247489
DeepDOM,2013_086/9.evt,3/27/2013 0:24:23,-37.38676667,-48.40216667,0.02141379694,2495.46094,180,picoeuks,1594,9.943118282,424.9246663,116.855459,7.428051019
DeepDOM,2013_086/9.evt,3/27/2013 0:24:23,-37.38676667,-48.40216667,0.02141379694,2495.46094,180,prochloro,30113,187.8401009,8.873036137,2.746801234,1.946713843
DeepDOM,2013_086/9.evt,3/27/2013 0:24:23,-37.38676667,-48.40216667,0.02141379694,2495.46094,180,synecho,2885,17.99617079,47.6720836,5.438016863,11.5357687
DeepDOM,2013_086/9.evt,3/27/2013 0:24:23,-37.38676667,-48.40216667,0.02141379694,2495.46094,180,unknown,1766,11.0160269,196.0850566,6.264855187,5.927042912
DeepDOM,2013_086/10.evt,3/27/2013 0:27:23,-37.38845,-48.38811667,0.02150121374,2495.46094,180,beads,22,0.1366745565,368.1964369,83.14728023,604.2126983
DeepDOM,2013_086/10.evt,3/27/2013 0:27:23,-37.38845,-48.38811667,0.02150121374,2495.46094,180,picoeuks,1618,10.05179238,392.6042998,116.3275017,7.839089428
DeepDOM,2013_086/10.evt,3/27/2013 0:27:23,-37.38845,-48.38811667,0.02150121374,2495.46094,180,prochloro,30480,189.3563855,9.13149772,2.82807035,1.938395539
DeepDOM,2013_086/10.evt,3/27/2013 0:27:23,-37.38845,-48.38811667,0.02150121374,2495.46094,180,synecho,3331,20.69377035,47.64878861,5.946379908,12.30809579
DeepDOM,2013_086/10.evt,3/27/2013 0:27:23,-37.38845,-48.38811667,0.02150121374,2495.46094,180,unknown,1706,10.59849061,204.686836,5.971684378,5.798369978
DeepDOM,2013_086/11.evt,3/27/2013 0:30:24,-37.3898,-48.3759,0.02173307565,2495.46094,180,beads,17,0.1044854214,314.579158,50.89700597,527.3766361
DeepDOM,2013_086/11.evt,3/27/2013 0:30:24,-37.3898,-48.3759,0.02173307565,2495.46094,180,picoeuks,1661,10.20884029,382.8509851,120.3319012,12.63130925
DeepDOM,2013_086/11.evt,3/27/2013 0:30:24,-37.3898,-48.3759,0.02173307565,2495.46094,180,prochloro,31368,192.794041,9.375055977,3.006746433,1.946847059
DeepDOM,2013_086/11.evt,3/27/2013 0:30:24,-37.3898,-48.3759,0.02173307565,2495.46094,180,synecho,3621,22.25539475,47.37638257,6.389996257,13.89473565
DeepDOM,2013_086/11.evt,3/27/2013 0:30:24,-37.3898,-48.3759,0.02173307565,2495.46094,180,unknown,1646,10.11664727,207.1203548,6.403909581,5.82414185
DeepDOM,2013_086/12.evt,3/27/2013 0:33:24,-37.39133333,-48.36268333,0.02197269151,2494.598898,180,beads,16,0.09730042637,334.1710311,29.99030635,515.6068468
DeepDOM,2013_086/12.evt,3/27/2013 0:33:24,-37.39133333,-48.36268333,0.02197269151,2494.598898,180,picoeuks,1617,9.83342434,386.0354817,123.4980971,12.03566277
DeepDOM,2013_086/12.evt,3/27/2013 0:33:24,-37.39133333,-48.36268333,0.02197269151,2494.598898,180,prochloro,31727,192.9406642,9.316266557,3.079241528,1.930998661
DeepDOM,2013_086/12.evt,3/27/2013 0:33:24,-37.39133333,-48.36268333,0.02197269151,2494.598898,180,synecho,3608,21.94124615,46.7790418,7.264189796,16.0333068
DeepDOM,2013_086/12.evt,3/27/2013 0:33:24,-37.39133333,-48.36268333,0.02197269151,2494.598898,180,unknown,1671,10.16181328,230.1900463,5.961192202,6.832420516
DeepDOM,2013_086/13.evt,3/27/2013 0:36:24,-37.39276667,-48.35046667,0.0216995051,2494.598898,180,beads,18,0.1108410663,346.8699845,43.9288924,600.6302324
DeepDOM,2013_086/13.evt,3/27/2013 0:36:24,-37.39276667,-48.35046667,0.0216995051,2494.598898,180,picoeuks,1518,9.347596595,390.5274627,128.3128556,8.891062951
DeepDOM,2013_086/13.evt,3/27/2013 0:36:24,-37.39276667,-48.35046667,0.0216995051,2494.598898,180,prochloro,31100,191.5087313,8.997683966,3.034094046,1.92896563
DeepDOM,2013_086/13.evt,3/27/2013 0:36:24,-37.39276667,-48.35046667,0.0216995051,2494.598898,180,synecho,3029,18.65208833,46.39994585,7.011629135,15.48619558
DeepDOM,2013_086/13.evt,3/27/2013 0:36:24,-37.39276667,-48.35046667,0.0216995051,2494.598898,180,unknown,1692,10.41906024,223.7668209,6.17710443,6.097147388
DeepDOM,2013_086/14.evt,3/27/2013 0:39:24,-37.39435,-48.3381,0.02294028391,2495.46094,180,beads,18,0.1048097501,323.0301206,30.29099021,513.6575577
DeepDOM,2013_086/14.evt,3/27/2013 0:39:24,-37.39435,-48.3381,0.02294028391,2495.46094,180,picoeuks,1286,7.488074368,402.0378667,123.9454285,8.614397706
DeepDOM,2013_086/14.evt,3/27/2013 0:39:24,-37.39435,-48.3381,0.02294028391,2495.46094,180,prochloro,31675,184.4360464,8.995076322,2.98945351,1.879837544
DeepDOM,2013_086/14.evt,3/27/2013 0:39:24,-37.39435,-48.3381,0.02294028391,2495.46094,180,synecho,2598,15.1275406,46.81186122,6.518820464,14.01742954
DeepDOM,2013_086/14.evt,3/27/2013 0:39:24,-37.39435,-48.3381,0.02294028391,2495.46094,180,unknown,1524,8.873892175,228.2611315,5.939348231,6.460670854
DeepDOM,2013_086/15.evt,3/27/2013 0:42:25,-37.39565,-48.32566667,0.02328989975,2494.598898,180,beads,15,0.08606006288,324.1960901,76.01109762,471.5481198
DeepDOM,2013_086/15.evt,3/27/2013 0:42:25,-37.39565,-48.32566667,0.02328989975,2494.598898,180,picoeuks,1140,6.540564779,432.8470025,128.5771014,13.56755995
DeepDOM,2013_086/15.evt,3/27/2013 0:42:25,-37.39565,-48.32566667,0.02328989975,2494.598898,180,prochloro,31134,178.6262665,8.852757288,2.966634889,1.859914209
DeepDOM,2013_086/15.evt,3/27/2013 0:42:25,-37.39565,-48.32566667,0.02328989975,2494.598898,180,synecho,2370,13.59748993,45.81786275,6.373822446,13.77371903
DeepDOM,2013_086/15.evt,3/27/2013 0:42:25,-37.39565,-48.32566667,0.02328989975,2494.598898,180,unknown,1332,7.642133584,223.393033,6.480844971,7.9466196
DeepDOM,2013_086/16.evt,3/27/2013 0:45:25,-37.39706667,-48.3137,0.02488183238,2494.598898,180,beads,17,0.09129449285,344.5596182,38.22028416,585.5559427
DeepDOM,2013_086/16.evt,3/27/2013 0:45:25,-37.39706667,-48.3137,0.02488183238,2494.598898,180,picoeuks,1016,5.456188514,427.3870483,133.0670227,13.53623586
DeepDOM,2013_086/16.evt,3/27/2013 0:45:25,-37.39706667,-48.3137,0.02488183238,2494.598898,180,prochloro,32457,174.3026679,8.412872833,2.941700798,1.842738342
DeepDOM,2013_086/16.evt,3/27/2013 0:45:25,-37.39706667,-48.3137,0.02488183238,2494.598898,180,synecho,2235,12.00254068,45.81823295,6.530177882,13.80046284
DeepDOM,2013_086/16.evt,3/27/2013 0:45:25,-37.39706667,-48.3137,0.02488183238,2494.598898,180,unknown,1150,6.175803928,219.7825791,6.025472967,6.770888207
DeepDOM,2013_086/17.evt,3/27/2013 0:48:25,-37.39928333,-48.3018,0.0264055441,2495.46094,180,beads,23,0.116348472,319.4844914,67.15951251,495.5431681
DeepDOM,2013_086/17.evt,3/27/2013 0:48:25,-37.39928333,-48.3018,0.0264055441,2495.46094,180,picoeuks,994,5.028277442,423.786408,135.784688,16.54059686
DeepDOM,2013_086/17.evt,3/27/2013 0:48:25,-37.39928333,-48.3018,0.0264055441,2495.46094,180,prochloro,33874,171.3560061,8.112972325,2.942122552,1.828285989
DeepDOM,2013_086/17.evt,3/27/2013 0:48:25,-37.39928333,-48.3018,0.0264055441,2495.46094,180,synecho,2130,10.77488023,45.84083513,6.609584249,14.12959409
DeepDOM,2013_086/17.evt,3/27/2013 0:48:25,-37.39928333,-48.3018,0.0264055441,2495.46094,180,unknown,1093,5.529081734,222.0500934,6.331648734,8.116707354
DeepDOM,2013_086/18.evt,3/27/2013 0:51:25,-37.40138333,-48.28975,0.02775693818,2495.46094,180,beads,20,0.09624682376,316.2030477,30.04383131,515.6555189
DeepDOM,2013_086/18.evt,3/27/2013 0:51:25,-37.40138333,-48.28975,0.02775693818,2495.46094,180,picoeuks,945,4.547662423,412.1866177,140.9998085,21.5976898
DeepDOM,2013_086/18.evt,3/27/2013 0:51:25,-37.40138333,-48.28975,0.02775693818,2495.46094,180,prochloro,35424,170.4723742,7.911109005,2.931839937,1.813867448
DeepDOM,2013_086/18.evt,3/27/2013 0:51:25,-37.40138333,-48.28975,0.02775693818,2495.46094,180,synecho,2094,10.07704245,45.43814109,6.538453383,14.14968088
DeepDOM,2013_086/18.evt,3/27/2013 0:51:25,-37.40138333,-48.28975,0.02775693818,2495.46094,180,unknown,1031,4.961523765,220.5354001,6.877528121,6.820841252
DeepDOM,2013_086/19.evt,3/27/2013 0:54:25,-37.40343333,-48.27765,0.0277307374,2494.598898,180,beads,19,0.09155249871,326.9376848,39.96845241,567.0488326
DeepDOM,2013_086/19.evt,3/27/2013 0:54:25,-37.40343333,-48.27765,0.0277307374,2494.598898,180,picoeuks,1047,5.045024534,425.6987734,137.1581689,16.64782483
DeepDOM,2013_086/19.evt,3/27/2013 0:54:25,-37.40343333,-48.27765,0.0277307374,2494.598898,180,prochloro,35580,171.4441002,7.652161613,2.909421899,1.821290751
DeepDOM,2013_086/19.evt,3/27/2013 0:54:25,-37.40343333,-48.27765,0.0277307374,2494.598898,180,synecho,2177,10.48998893,45.44462962,7.431520249,14.61655836
DeepDOM,2013_086/19.evt,3/27/2013 0:54:25,-37.40343333,-48.27765,0.0277307374,2494.598898,180,unknown,1018,4.90528651,217.0124152,6.732131407,7.104427687
DeepDOM,2013_086/20.evt,3/27/2013 0:57:26,-37.40546667,-48.26548333,0.0275095836,2495.46094,180,beads,25,0.1213902933,337.1725631,51.84310576,506.5728481
DeepDOM,2013_086/20.evt,3/27/2013 0:57:26,-37.40546667,-48.26548333,0.0275095836,2495.46094,180,picoeuks,1227,5.957835595,426.2318159,131.1517885,12.19162125
DeepDOM,2013_086/20.evt,3/27/2013 0:57:26,-37.40546667,-48.26548333,0.0275095836,2495.46094,180,prochloro,35710,173.3938949,7.561536047,2.887227575,1.851056244
DeepDOM,2013_086/20.evt,3/27/2013 0:57:26,-37.40546667,-48.26548333,0.0275095836,2495.46094,180,synecho,2772,13.45975572,45.41836501,6.693197325,14.30335364
DeepDOM,2013_086/20.evt,3/27/2013 0:57:26,-37.40546667,-48.26548333,0.0275095836,2495.46094,180,unknown,1113,5.404295857,214.5278619,6.11901649,5.976050729
DeepDOM,2013_086/21.evt,3/27/2013 1:00:26,-37.4074,-48.25306667,0.02713196222,2494.598898,180,beads,15,0.07387339775,353.3004204,40.94672757,573.0105994
DeepDOM,2013_086/21.evt,3/27/2013 1:00:26,-37.4074,-48.25306667,0.02713196222,2494.598898,180,picoeuks,1276,6.284163702,440.330246,125.2410783,7.962967711
DeepDOM,2013_086/21.evt,3/27/2013 1:00:26,-37.4074,-48.25306667,0.02713196222,2494.598898,180,prochloro,35660,175.6216909,7.735184584,2.907355583,1.88530845
DeepDOM,2013_086/21.evt,3/27/2013 1:00:26,-37.4074,-48.25306667,0.02713196222,2494.598898,180,synecho,3049,15.01599932,44.61537396,6.306297886,13.43436801
DeepDOM,2013_086/21.evt,3/27/2013 1:00:26,-37.4074,-48.25306667,0.02713196222,2494.598898,180,unknown,1062,5.230236561,222.4490434,6.567288156,6.806228726
DeepDOM,2013_086/22.evt,3/27/2013 1:03:26,-37.40908333,-48.24105,0.02684606543,2495.46094,180,beads,21,0.1044880488,311.7489926,31.4980189,493.9828925
DeepDOM,2013_086/22.evt,3/27/2013 1:03:26,-37.40908333,-48.24105,0.02684606543,2495.46094,180,picoeuks,1318,6.557868967,413.8955411,121.5761798,12.97673717
DeepDOM,2013_086/22.evt,3/27/2013 1:03:26,-37.40908333,-48.24105,0.02684606543,2495.46094,180,prochloro,35271,175.4951414,7.78014321,2.8676102,1.875947731
DeepDOM,2013_086/22.evt,3/27/2013 1:03:26,-37.40908333,-48.24105,0.02684606543,2495.46094,180,synecho,3142,15.63340235,44.37369835,6.124624235,12.99442054
DeepDOM,2013_086/22.evt,3/27/2013 1:03:26,-37.40908333,-48.24105,0.02684606543,2495.46094,180,unknown,1097,5.458256644,220.4912609,6.623281268,7.212631554
DeepDOM,2013_086/23.evt,3/27/2013 1:06:26,-37.41086667,-48.22876667,0.0265930125,2495.46094,180,beads,21,0.1054823328,327.5614007,33.23655601,510.6282697
DeepDOM,2013_086/23.evt,3/27/2013 1:06:26,-37.41086667,-48.22876667,0.0265930125,2495.46094,180,picoeuks,1254,6.298802158,430.9050529,124.5928668,11.58190433
DeepDOM,2013_086/23.evt,3/27/2013 1:06:26,-37.41086667,-48.22876667,0.0265930125,2495.46094,180,prochloro,34705,174.3221123,7.754029217,2.83146201,1.898502879
DeepDOM,2013_086/23.evt,3/27/2013 1:06:26,-37.41086667,-48.22876667,0.0265930125,2495.46094,180,synecho,2982,14.97849126,44.16327802,5.925250217,12.41562818
DeepDOM,2013_086/23.evt,3/27/2013 1:06:26,-37.41086667,-48.22876667,0.0265930125,2495.46094,180,unknown,1110,5.575494733,216.172323,6.417855293,5.988701543
DeepDOM,2013_086/24.evt,3/27/2013 1:09:27,-37.41308333,-48.21708333,0.02594715165,2494.598898,180,beads,27,0.1390439488,317.5428378,27.88591021,495.5963199
DeepDOM,2013_086/24.evt,3/27/2013 1:09:27,-37.41308333,-48.21708333,0.02594715165,2494.598898,180,picoeuks,1247,6.421770526,423.9285749,121.2180413,7.834208269
DeepDOM,2013_086/24.evt,3/27/2013 1:09:27,-37.41308333,-48.21708333,0.02594715165,2494.598898,180,prochloro,33744,173.7740374,7.838409776,2.791794629,1.887837822
DeepDOM,2013_086/24.evt,3/27/2013 1:09:27,-37.41308333,-48.21708333,0.02594715165,2494.598898,180,synecho,2776,14.29577785,43.80069021,5.673177653,11.73809499
DeepDOM,2013_086/24.evt,3/27/2013 1:09:27,-37.41308333,-48.21708333,0.02594715165,2494.598898,180,unknown,1152,5.932541817,208.5264318,6.501301596,6.09661712
DeepDOM,2013_086/25.evt,3/27/2013 1:12:27,-37.41528333,-48.2049,0.02590011879,2494.598898,180,beads,19,0.09802342301,293.1956883,27.77183169,484.7549729
DeepDOM,2013_086/25.evt,3/27/2013 1:12:27,-37.41528333,-48.2049,0.02590011879,2494.598898,180,picoeuks,1286,6.634637999,405.2981082,120.9738137,10.52879349
DeepDOM,2013_086/25.evt,3/27/2013 1:12:27,-37.41528333,-48.2049,0.02590011879,2494.598898,180,prochloro,33575,173.2177067,7.754692653,2.781089151,1.890898112
DeepDOM,2013_086/25.evt,3/27/2013 1:12:27,-37.41528333,-48.2049,0.02590011879,2494.598898,180,synecho,2600,13.41373157,43.77516445,5.483513287,11.51357016
DeepDOM,2013_086/25.evt,3/27/2013 1:12:27,-37.41528333,-48.2049,0.02590011879,2494.598898,180,unknown,1155,5.958792293,209.6283322,6.496745244,6.362351468
DeepDOM,2013_086/26.evt,3/27/2013 1:15:27,-37.41736667,-48.19328333,0.02575846701,2494.598898,180,beads,23,0.1193124716,351.6772979,33.30332046,547.6156496
DeepDOM,2013_086/26.evt,3/27/2013 1:15:27,-37.41736667,-48.19328333,0.02575846701,2494.598898,180,picoeuks,1128,5.851498606,372.9545205,115.429167,11.40283415
DeepDOM,2013_086/26.evt,3/27/2013 1:15:27,-37.41736667,-48.19328333,0.02575846701,2494.598898,180,prochloro,33203,172.2405215,7.899112128,2.873363478,1.870759411
DeepDOM,2013_086/26.evt,3/27/2013 1:15:27,-37.41736667,-48.19328333,0.02575846701,2494.598898,180,synecho,2692,13.96474667,44.45116463,6.91474731,14.60761963
DeepDOM,2013_086/26.evt,3/27/2013 1:15:27,-37.41736667,-48.19328333,0.02575846701,2494.598898,180,unknown,1095,5.680311147,220.3014865,6.858973614,6.116500604
DeepDOM,2013_086/27.evt,3/27/2013 1:18:27,-37.41956667,-48.18153333,0.02542474086,2495.46094,180,beads,17,0.0893141676,331.0012989,31.78122449,543.1825318
DeepDOM,2013_086/27.evt,3/27/2013 1:18:27,-37.41956667,-48.18153333,0.02542474086,2495.46094,180,picoeuks,1185,6.225722859,371.5595535,118.9564555,9.075860475
DeepDOM,2013_086/27.evt,3/27/2013 1:18:27,-37.41956667,-48.18153333,0.02542474086,2495.46094,180,prochloro,32405,170.2485648,8.416192044,3.046285951,1.865800037
DeepDOM,2013_086/27.evt,3/27/2013 1:18:27,-37.41956667,-48.18153333,0.02542474086,2495.46094,180,synecho,3026,15.89792183,45.0716896,8.297304862,18.03152766
DeepDOM,2013_086/27.evt,3/27/2013 1:18:27,-37.41956667,-48.18153333,0.02542474086,2495.46094,180,unknown,1050,5.516463293,204.6283471,7.827898866,6.778789354
DeepDOM,2013_086/28.evt,3/27/2013 1:21:28,-37.42173333,-48.1701,0.02462905102,2495.46094,180,beads,15,0.08135262098,308.6053561,29.40565347,514.0313694
DeepDOM,2013_086/28.evt,3/27/2013 1:21:28,-37.42173333,-48.1701,0.02462905102,2495.46094,180,picoeuks,1379,7.479017622,372.1083282,113.276872,12.20182251
DeepDOM,2013_086/28.evt,3/27/2013 1:21:28,-37.42173333,-48.1701,0.02462905102,2495.46094,180,prochloro,31278,169.6364853,9.282644255,3.203084196,1.893939626
DeepDOM,2013_086/28.evt,3/27/2013 1:21:28,-37.42173333,-48.1701,0.02462905102,2495.46094,180,synecho,3888,21.08659936,46.07721592,7.904192212,18.11870258
DeepDOM,2013_086/28.evt,3/27/2013 1:21:28,-37.42173333,-48.1701,0.02462905102,2495.46094,180,unknown,1119,6.068905525,195.5424542,7.282824141,7.710202489
DeepDOM,2013_086/29.evt,3/27/2013 1:24:28,-37.42393333,-48.15826667,0.02420395431,2495.46094,180,beads,28,0.1545253286,328.8510194,34.09607905,530.4916157
DeepDOM,2013_086/29.evt,3/27/2013 1:24:28,-37.42393333,-48.15826667,0.02420395431,2495.46094,180,picoeuks,1451,8.007723278,386.6889887,117.2561547,7.805571852
DeepDOM,2013_086/29.evt,3/27/2013 1:24:28,-37.42393333,-48.15826667,0.02420395431,2495.46094,180,prochloro,31184,172.097066,9.640490432,3.359235847,1.884071721
DeepDOM,2013_086/29.evt,3/27/2013 1:24:28,-37.42393333,-48.15826667,0.02420395431,2495.46094,180,synecho,4696,25.91610511,47.05853765,8.089420818,20.01394645
DeepDOM,2013_086/29.evt,3/27/2013 1:24:28,-37.42393333,-48.15826667,0.02420395431,2495.46094,180,unknown,1226,6.766001887,211.0510685,6.864376744,8.732212535
DeepDOM,2013_086/30.evt,3/27/2013 1:27:28,-37.42623333,-48.14646667,0.0242252545,2495.46094,180,beads,14,0.07719473065,304.6547547,32.07617563,453.2900491
DeepDOM,2013_086/30.evt,3/27/2013 1:27:28,-37.42623333,-48.14646667,0.0242252545,2495.46094,180,picoeuks,1414,7.796667795,366.5552929,112.0080117,6.977686119
DeepDOM,2013_086/30.evt,3/27/2013 1:27:28,-37.42623333,-48.14646667,0.0242252545,2495.46094,180,prochloro,31351,172.8665715,9.545211044,3.352674462,1.896774889
DeepDOM,2013_086/30.evt,3/27/2013 1:27:28,-37.42623333,-48.14646667,0.0242252545,2495.46094,180,synecho,5002,27.58057448,46.99289773,8.242965484,20.67089443
DeepDOM,2013_086/30.evt,3/27/2013 1:27:28,-37.42623333,-48.14646667,0.0242252545,2495.46094,180,unknown,1229,6.776594569,199.8880232,7.410940402,9.041141703
DeepDOM,2013_086/31.evt,3/27/2013 1:30:28,-37.42858333,-48.13476667,0.02454373151,2495.46094,180,beads,18,0.09796250513,316.1234318,35.05645554,511.168672
DeepDOM,2013_086/31.evt,3/27/2013 1:30:28,-37.42858333,-48.13476667,0.02454373151,2495.46094,180,picoeuks,1379,7.505016365,362.7518951,113.0848964,12.83342673
DeepDOM,2013_086/31.evt,3/27/2013 1:30:28,-37.42858333,-48.13476667,0.02454373151,2495.46094,180,prochloro,31979,174.0412751,9.233970595,3.23783947,1.913450247
DeepDOM,2013_086/31.evt,3/27/2013 1:30:28,-37.42858333,-48.13476667,0.02454373151,2495.46094,180,synecho,4692,25.53555967,45.79554813,7.191387493,17.88934521
DeepDOM,2013_086/31.evt,3/27/2013 1:30:28,-37.42858333,-48.13476667,0.02454373151,2495.46094,180,unknown,1156,6.291369774,203.7409038,6.467608757,7.26181653
DeepDOM,2013_086/32.evt,3/27/2013 1:33:29,-37.43095,-48.12256667,0.02438400969,2495.46094,180,beads,17,0.09312617555,352.2132233,34.79738544,581.3787694
DeepDOM,2013_086/32.evt,3/27/2013 1:33:29,-37.43095,-48.12256667,0.02438400969,2495.46094,180,picoeuks,1461,8.003373087,382.8168822,116.2431696,11.37372174
DeepDOM,2013_086/32.evt,3/27/2013 1:33:29,-37.43095,-48.12256667,0.02438400969,2495.46094,180,prochloro,31671,173.4940651,9.224541915,3.182613079,1.919350724
DeepDOM,2013_086/32.evt,3/27/2013 1:33:29,-37.43095,-48.12256667,0.02438400969,2495.46094,180,synecho,4432,24.27854177,46.07015532,7.028584099,17.34951447
DeepDOM,2013_086/32.evt,3/27/2013 1:33:29,-37.43095,-48.12256667,0.02438400969,2495.46094,180,unknown,1246,6.825600867,209.8651379,7.007976844,8.066728395
DeepDOM,2013_086/33.evt,3/27/2013 1:36:29,-37.43316667,-48.1114,0.02457596932,2495.46094,180,beads,21,0.1141396686,332.6889145,33.35685928,497.6049559
DeepDOM,2013_086/33.evt,3/27/2013 1:36:29,-37.43316667,-48.1114,0.02457596932,2495.46094,180,picoeuks,1427,7.756062243,375.16438,108.3190914,9.011409087
DeepDOM,2013_086/33.evt,3/27/2013 1:36:29,-37.43316667,-48.1114,0.02457596932,2495.46094,180,prochloro,31796,172.8183287,9.15044081,3.137014559,1.901338282
DeepDOM,2013_086/33.evt,3/27/2013 1:36:29,-37.43316667,-48.1114,0.02457596932,2495.46094,180,synecho,4407,23.95302474,46.32594189,6.690838018,16.38812787
DeepDOM,2013_086/33.evt,3/27/2013 1:36:29,-37.43316667,-48.1114,0.02457596932,2495.46094,180,unknown,1262,6.859250561,214.5352987,6.555171771,9.75576877
DeepDOM,2013_086/34.evt,3/27/2013 1:39:29,-37.4357,-48.09908333,0.02459516566,2495.46094,180,beads,21,0.1140505835,387.5449526,43.52350638,640.7600368
DeepDOM,2013_086/34.evt,3/27/2013 1:39:29,-37.4357,-48.09908333,0.02459516566,2495.46094,180,picoeuks,1283,6.967947552,360.3628902,110.9351339,9.269233799
DeepDOM,2013_086/34.evt,3/27/2013 1:39:29,-37.4357,-48.09908333,0.02459516566,2495.46094,180,prochloro,32077,174.2095508,9.067964513,3.15225575,1.903907775
DeepDOM,2013_086/34.evt,3/27/2013 1:39:29,-37.4357,-48.09908333,0.02459516566,2495.46094,180,synecho,4296,23.33149079,45.37538453,6.863617299,16.41512365
DeepDOM,2013_086/34.evt,3/27/2013 1:39:29,-37.4357,-48.09908333,0.02459516566,2495.46094,180,unknown,1178,6.397694634,193.0258865,6.979401019,7.233520184
DeepDOM,2013_086/35.evt,3/27/2013 1:42:29,-37.43801667,-48.08735,0.02430601049,2495.46094,180,beads,20,0.1099117907,308.8771712,34.34241729,551.7967895
DeepDOM,2013_086/35.evt,3/27/2013 1:42:29,-37.43801667,-48.08735,0.02430601049,2495.46094,180,picoeuks,1432,7.869684213,374.943378,119.4304728,8.003703033
DeepDOM,2013_086/35.evt,3/27/2013 1:42:29,-37.43801667,-48.08735,0.02430601049,2495.46094,180,prochloro,31466,172.9242203,9.256210573,3.252336387,1.909315843
DeepDOM,2013_086/35.evt,3/27/2013 1:42:29,-37.43801667,-48.08735,0.02430601049,2495.46094,180,synecho,4655,25.58196928,44.98045995,7.409006873,17.13444852
DeepDOM,2013_086/35.evt,3/27/2013 1:42:29,-37.43801667,-48.08735,0.02430601049,2495.46094,180,unknown,1199,6.589211851,218.0822426,6.624847945,7.859768153
DeepDOM,2013_086/36.evt,3/27/2013 1:45:30,-37.4403,-48.07546667,0.02336624602,2495.46094,180,beads,15,0.08574924066,330.0029648,29.03660105,516.7019578
DeepDOM,2013_086/36.evt,3/27/2013 1:45:30,-37.4403,-48.07546667,0.02336624602,2495.46094,180,picoeuks,1601,9.152302287,409.7295962,125.5570157,7.24605575
DeepDOM,2013_086/36.evt,3/27/2013 1:45:30,-37.4403,-48.07546667,0.02336624602,2495.46094,180,prochloro,30240,172.8704692,9.951573964,3.40087002,1.935137737
DeepDOM,2013_086/36.evt,3/27/2013 1:45:30,-37.4403,-48.07546667,0.02336624602,2495.46094,180,synecho,5062,28.93751042,44.52040162,7.609549092,17.38193945
DeepDOM,2013_086/36.evt,3/27/2013 1:45:30,-37.4403,-48.07546667,0.02336624602,2495.46094,180,unknown,1173,6.70559062,218.8630978,6.938644378,8.693787767
DeepDOM,2013_086/37.evt,3/27/2013 1:48:30,-37.44258333,-48.06365,0.02250572685,2495.46094,180,beads,16,0.09496310537,357.6080176,32.16823144,592.0716993
DeepDOM,2013_086/37.evt,3/27/2013 1:48:30,-37.44258333,-48.06365,0.02250572685,2495.46094,180,picoeuks,1714,10.17292266,405.3615349,114.8460288,8.75640522
DeepDOM,2013_086/37.evt,3/27/2013 1:48:30,-37.44258333,-48.06365,0.02250572685,2495.46094,180,prochloro,28995,172.0909525,10.16633437,3.437947306,1.956012031
DeepDOM,2013_086/37.evt,3/27/2013 1:48:30,-37.44258333,-48.06365,0.02250572685,2495.46094,180,synecho,4998,29.66410004,44.08868846,7.889974359,18.25977182
DeepDOM,2013_086/37.evt,3/27/2013 1:48:30,-37.44258333,-48.06365,0.02250572685,2495.46094,180,unknown,1090,6.469361553,222.6349905,7.021485755,8.408995589
DeepDOM,2013_086/38.evt,3/27/2013 1:51:30,-37.44486667,-48.05228333,0.02252841189,2495.46094,180,beads,14,0.08300904678,368.1913418,41.65030589,645.4328104
DeepDOM,2013_086/38.evt,3/27/2013 1:51:30,-37.44486667,-48.05228333,0.02252841189,2495.46094,180,picoeuks,1817,10.77338843,398.706971,116.2905547,11.54956814
DeepDOM,2013_086/38.evt,3/27/2013 1:51:30,-37.44486667,-48.05228333,0.02252841189,2495.46094,180,prochloro,28645,169.8424389,10.18754023,3.418110599,1.950907773
DeepDOM,2013_086/38.evt,3/27/2013 1:51:30,-37.44486667,-48.05228333,0.02252841189,2495.46094,180,synecho,4905,29.08281246,44.16317222,7.688394455,18.10289836
DeepDOM,2013_086/38.evt,3/27/2013 1:51:30,-37.44486667,-48.05228333,0.02252841189,2495.46094,180,unknown,1252,7.423380469,207.5112662,6.671436272,7.029508436
DeepDOM,2013_086/39.evt,3/27/2013 1:54:30,-37.44716667,-48.0401,0.02251395811,2495.46094,180,beads,19,0.1127274586,345.6440008,34.18486737,563.83314
DeepDOM,2013_086/39.evt,3/27/2013 1:54:30,-37.44716667,-48.0401,0.02251395811,2495.46094,180,picoeuks,1698,10.07427498,392.6020685,118.438382,7.443656265
DeepDOM,2013_086/39.evt,3/27/2013 1:54:30,-37.44716667,-48.0401,0.02251395811,2495.46094,180,prochloro,28415,168.5868809,10.06728766,3.372219674,1.960215246
DeepDOM,2013_086/39.evt,3/27/2013 1:54:30,-37.44716667,-48.0401,0.02251395811,2495.46094,180,synecho,4792,28.43105166,43.61955235,7.757195365,18.49146571
DeepDOM,2013_086/39.evt,3/27/2013 1:54:30,-37.44716667,-48.0401,0.02251395811,2495.46094,180,unknown,1275,7.564605775,227.4451853,6.852106338,8.836733986
DeepDOM,2013_086/40.evt,3/27/2013 1:57:31,-37.44945,-48.0283,0.02231581962,2495.46094,180,beads,19,0.1137283471,318.5819268,30.11450154,483.6529952
DeepDOM,2013_086/40.evt,3/27/2013 1:57:31,-37.44945,-48.0283,0.02231581962,2495.46094,180,picoeuks,1754,10.49892215,404.3405044,122.739302,9.062692025
DeepDOM,2013_086/40.evt,3/27/2013 1:57:31,-37.44945,-48.0283,0.02231581962,2495.46094,180,prochloro,27887,166.9232851,10.24864659,3.544148482,1.965393827
DeepDOM,2013_086/40.evt,3/27/2013 1:57:31,-37.44945,-48.0283,0.02231581962,2495.46094,180,synecho,5051,30.23378323,44.09972851,8.708651196,21.61903991
DeepDOM,2013_086/40.evt,3/27/2013 1:57:31,-37.44945,-48.0283,0.02231581962,2495.46094,180,unknown,1132,6.775815208,226.7830157,6.98167217,9.058028434
DeepDOM,2013_086/41.evt,3/27/2013 2:00:31,-37.45166667,-48.0165,0.02362383328,2495.46094,180,beads,13,0.07350568889,357.3032686,43.77666592,551.9476245
DeepDOM,2013_086/41.evt,3/27/2013 2:00:31,-37.45166667,-48.0165,0.02362383328,2495.46094,180,picoeuks,1551,8.769794113,407.5211777,123.3268252,11.15537378
DeepDOM,2013_086/41.evt,3/27/2013 2:00:31,-37.45166667,-48.0165,0.02362383328,2495.46094,180,prochloro,30571,172.8571088,9.676240903,3.519088758,1.908245022
DeepDOM,2013_086/41.evt,3/27/2013 2:00:31,-37.45166667,-48.0165,0.02362383328,2495.46094,180,synecho,5014,28.35057878,45.74850705,8.754252534,22.34127339
DeepDOM,2013_086/41.evt,3/27/2013 2:00:31,-37.45166667,-48.0165,0.02362383328,2495.46094,180,unknown,1178,6.66074627,219.5563759,6.744200101,9.715742801
DeepDOM,2013_086/42.evt,3/27/2013 2:03:31,-37.45386667,-48.00465,0.02382329957,2495.46094,180,beads,13,0.07289024487,312.2764619,113.236173,523.0025537
DeepDOM,2013_086/42.evt,3/27/2013 2:03:31,-37.45386667,-48.00465,0.02382329957,2495.46094,180,picoeuks,1510,8.466482289,389.4976709,119.2748724,13.799741
DeepDOM,2013_086/42.evt,3/27/2013 2:03:31,-37.45386667,-48.00465,0.02382329957,2495.46094,180,prochloro,30268,169.7109178,9.394167505,3.516149815,1.930265068
DeepDOM,2013_086/42.evt,3/27/2013 2:03:31,-37.45386667,-48.00465,0.02382329957,2495.46094,180,synecho,5129,28.75800507,44.87470331,9.591489209,23.86281271
DeepDOM,2013_086/42.evt,3/27/2013 2:03:31,-37.45386667,-48.00465,0.02382329957,2495.46094,180,unknown,1126,6.313416594,205.2315341,6.0854345,7.779293632
DeepDOM,2013_086/43.evt,3/27/2013 2:06:31,-37.4561,-47.99271667,0.02374998972,2495.46094,180,beads,18,0.1012364827,346.9400356,45.68881825,591.0874945
DeepDOM,2013_086/43.evt,3/27/2013 2:06:31,-37.4561,-47.99271667,0.02374998972,2495.46094,180,picoeuks,1396,7.851451658,380.5220813,123.8175529,11.72976161
DeepDOM,2013_086/43.evt,3/27/2013 2:06:31,-37.4561,-47.99271667,0.02374998972,2495.46094,180,prochloro,29964,168.5249982,9.179680244,3.468284645,1.918922429
DeepDOM,2013_086/43.evt,3/27/2013 2:06:31,-37.4561,-47.99271667,0.02374998972,2495.46094,180,synecho,5028,28.27872417,44.73453989,9.623054546,24.33702473
DeepDOM,2013_086/43.evt,3/27/2013 2:06:31,-37.4561,-47.99271667,0.02374998972,2495.46094,180,unknown,1141,6.417268153,220.2927785,6.509792147,8.231964455
DeepDOM,2013_086/44.evt,3/27/2013 2:09:31,-37.45795,-47.98196667,0.02354383938,2495.46094,180,beads,16,0.09077592127,328.5107257,29.06369075,508.2394305
DeepDOM,2013_086/44.evt,3/27/2013 2:09:31,-37.45795,-47.98196667,0.02354383938,2495.46094,180,picoeuks,1368,7.761341269,388.2077979,130.0630865,9.050359456
DeepDOM,2013_086/44.evt,3/27/2013 2:09:31,-37.45795,-47.98196667,0.02354383938,2495.46094,180,prochloro,29888,169.5694209,9.060798377,3.501013025,1.932771037
DeepDOM,2013_086/44.evt,3/27/2013 2:09:31,-37.45795,-47.98196667,0.02354383938,2495.46094,180,synecho,4834,27.42567521,44.27457661,10.19182432,25.69023227
DeepDOM,2013_086/44.evt,3/27/2013 2:09:31,-37.45795,-47.98196667,0.02354383938,2495.46094,180,unknown,1062,6.025251774,219.8729695,6.239217288,9.415358324
DeepDOM,2013_086/45.evt,3/27/2013 2:12:32,-37.46043333,-47.96873333,0.02368290331,2495.46094,180,beads,20,0.1128036163,321.0935281,30.56717898,492.6238977
DeepDOM,2013_086/45.evt,3/27/2013 2:12:32,-37.46043333,-47.96873333,0.02368290331,2495.46094,180,picoeuks,1387,7.822930789,390.6040012,128.2119249,13.57019826
DeepDOM,2013_086/45.evt,3/27/2013 2:12:32,-37.46043333,-47.96873333,0.02368290331,2495.46094,180,prochloro,30089,169.7074005,9.117102858,3.443714645,1.912234216
DeepDOM,2013_086/45.evt,3/27/2013 2:12:32,-37.46043333,-47.96873333,0.02368290331,2495.46094,180,synecho,4697,26.49192928,43.64119916,9.051854586,22.98303122
DeepDOM,2013_086/45.evt,3/27/2013 2:12:32,-37.46043333,-47.96873333,0.02368290331,2495.46094,180,unknown,1090,6.147797087,208.8120731,6.54743139,8.367921659
DeepDOM,2013_086/46.evt,3/27/2013 2:15:32,-37.46258333,-47.9569,0.0239290269,2495.46094,180,beads,15,0.08373252541,372.9109251,36.55780675,571.7925065
DeepDOM,2013_086/46.evt,3/27/2013 2:15:32,-37.46258333,-47.9569,0.0239290269,2495.46094,180,picoeuks,1313,7.329387058,377.8655839,113.9613724,13.99799791
DeepDOM,2013_086/46.evt,3/27/2013 2:15:32,-37.46258333,-47.9569,0.0239290269,2495.46094,180,prochloro,30370,169.5304531,9.156412123,3.382193015,1.891688859
DeepDOM,2013_086/46.evt,3/27/2013 2:15:32,-37.46258333,-47.9569,0.0239290269,2495.46094,180,synecho,5017,28.00573867,43.65200149,8.325411336,20.91099989
DeepDOM,2013_086/46.evt,3/27/2013 2:15:32,-37.46258333,-47.9569,0.0239290269,2495.46094,180,unknown,1149,6.413911446,220.8267548,6.564744184,7.011409091
DeepDOM,2013_086/47.evt,3/27/2013 2:18:32,-37.46488333,-47.945,0.02379419331,2494.598898,180,beads,17,0.09546758906,292.5356638,27.80286708,479.6692192
DeepDOM,2013_086/47.evt,3/27/2013 2:18:32,-37.46488333,-47.945,0.02379419331,2494.598898,180,picoeuks,1331,7.47455065,367.7715704,109.6402921,12.09082241
DeepDOM,2013_086/47.evt,3/27/2013 2:18:32,-37.46488333,-47.945,0.02379419331,2494.598898,180,prochloro,30557,171.6001835,9.217536591,3.428375938,1.907150664
DeepDOM,2013_086/47.evt,3/27/2013 2:18:32,-37.46488333,-47.945,0.02379419331,2494.598898,180,synecho,4944,27.7642212,43.53749027,8.335070635,20.78220522
DeepDOM,2013_086/47.evt,3/27/2013 2:18:32,-37.46488333,-47.945,0.02379419331,2494.598898,180,unknown,1177,6.609726607,233.9826519,6.241016974,8.993571426
DeepDOM,2013_086/48.evt,3/27/2013 2:21:33,-37.46693333,-47.93338333,0.02411781276,2495.46094,180,beads,13,0.07200015011,335.1871951,29.54477317,557.8427878
DeepDOM,2013_086/48.evt,3/27/2013 2:21:33,-37.46693333,-47.93338333,0.02411781276,2495.46094,180,picoeuks,1263,6.995091506,362.0832372,113.7379785,14.68057839
DeepDOM,2013_086/48.evt,3/27/2013 2:21:33,-37.46693333,-47.93338333,0.02411781276,2495.46094,180,prochloro,31008,171.7369734,9.322390915,3.478569301,1.888633933
DeepDOM,2013_086/48.evt,3/27/2013 2:21:33,-37.46693333,-47.93338333,0.02411781276,2495.46094,180,synecho,5177,28.67267516,42.6504893,8.842364932,21.41848181
DeepDOM,2013_086/48.evt,3/27/2013 2:21:33,-37.46693333,-47.93338333,0.02411781276,2495.46094,180,unknown,1066,5.904012309,206.750737,6.719708273,6.859746461
DeepDOM,2013_086/49.evt,3/27/2013 2:24:33,-37.46915,-47.92121667,0.02457944865,2495.46094,180,beads,10,0.05434452935,303.3281155,23.57135123,428.5953621
DeepDOM,2013_086/49.evt,3/27/2013 2:24:33,-37.46915,-47.92121667,0.02457944865,2495.46094,180,picoeuks,1279,6.950665304,370.4856593,114.0633834,8.550655005
DeepDOM,2013_086/49.evt,3/27/2013 2:24:33,-37.46915,-47.92121667,0.02457944865,2495.46094,180,prochloro,31603,171.7450161,9.402539576,3.54168283,1.899360712
DeepDOM,2013_086/49.evt,3/27/2013 2:24:33,-37.46915,-47.92121667,0.02457944865,2495.46094,180,synecho,5384,29.2590946,42.06752488,8.877386123,21.1924665
DeepDOM,2013_086/49.evt,3/27/2013 2:24:33,-37.46915,-47.92121667,0.02457944865,2495.46094,180,unknown,1077,5.852905811,215.181558,6.832014223,7.602261434
DeepDOM,2013_086/50.evt,3/27/2013 2:27:33,-37.47128333,-47.90943333,0.0247635304,2495.46094,180,beads,19,0.1024870541,358.1289622,42.06768332,573.1142457
DeepDOM,2013_086/50.evt,3/27/2013 2:27:33,-37.47128333,-47.90943333,0.0247635304,2495.46094,180,picoeuks,1282,6.915179125,360.0422053,115.1733608,9.74121618
DeepDOM,2013_086/50.evt,3/27/2013 2:27:33,-37.47128333,-47.90943333,0.0247635304,2495.46094,180,prochloro,31736,171.1857447,9.218073333,3.543883442,1.90946463
DeepDOM,2013_086/50.evt,3/27/2013 2:27:33,-37.47128333,-47.90943333,0.0247635304,2495.46094,180,synecho,5376,28.99844226,41.75671892,8.854517658,21.48239031
DeepDOM,2013_086/50.evt,3/27/2013 2:27:33,-37.47128333,-47.90943333,0.0247635304,2495.46094,180,unknown,1164,6.278680578,221.1342277,6.553778625,8.254771689
DeepDOM,2013_086/51.evt,3/27/2013 2:30:34,-37.47335,-47.89748333,0.02443700425,2495.46094,180,beads,13,0.07105969788,296.197873,34.50517525,514.6882306
DeepDOM,2013_086/51.evt,3/27/2013 2:30:34,-37.47335,-47.89748333,0.02443700425,2495.46094,180,picoeuks,1251,6.838129388,376.0332364,118.4620935,10.84266544
DeepDOM,2013_086/51.evt,3/27/2013 2:30:34,-37.47335,-47.89748333,0.02443700425,2495.46094,180,prochloro,31549,172.4509545,9.395904355,3.602408917,1.900095418
DeepDOM,2013_086/51.evt,3/27/2013 2:30:34,-37.47335,-47.89748333,0.02443700425,2495.46094,180,synecho,5535,30.2550329,42.40531833,9.607502591,23.48519853
DeepDOM,2013_086/51.evt,3/27/2013 2:30:34,-37.47335,-47.89748333,0.02443700425,2495.46094,180,unknown,1102,6.023675928,228.0265596,6.566472794,9.129634985
DeepDOM,2013_086/52.evt,3/27/2013 2:33:34,-37.4755,-47.88541667,0.02388551164,2495.46094,180,beads,16,0.08947740967,364.4488349,40.03063798,621.5081679
DeepDOM,2013_086/52.evt,3/27/2013 2:33:34,-37.4755,-47.88541667,0.02388551164,2495.46094,180,picoeuks,1556,8.70167809,364.0567447,119.3970631,14.78711446
DeepDOM,2013_086/52.evt,3/27/2013 2:33:34,-37.4755,-47.88541667,0.02388551164,2495.46094,180,prochloro,30905,172.8312091,9.768852577,3.805980895,1.915752843
DeepDOM,2013_086/52.evt,3/27/2013 2:33:34,-37.4755,-47.88541667,0.02388551164,2495.46094,180,synecho,5782,32.33489892,43.44687409,10.67857766,27.12131864
DeepDOM,2013_086/52.evt,3/27/2013 2:33:34,-37.4755,-47.88541667,0.02388551164,2495.46094,180,unknown,1115,6.235456986,212.4802278,6.33639525,7.925143606
DeepDOM,2013_086/53.evt,3/27/2013 2:36:34,-37.47736667,-47.87416667,0.02352633211,2495.46094,180,beads,18,0.1021989068,291.3175917,50.11581914,423.3751021
DeepDOM,2013_086/53.evt,3/27/2013 2:36:34,-37.47736667,-47.87416667,0.02352633211,2495.46094,180,picoeuks,1613,9.158157596,366.7730467,131.4786163,16.59026723
DeepDOM,2013_086/53.evt,3/27/2013 2:36:34,-37.47736667,-47.87416667,0.02352633211,2495.46094,180,prochloro,30864,175.2370589,9.920173488,3.994726272,1.93587285
DeepDOM,2013_086/53.evt,3/27/2013 2:36:34,-37.47736667,-47.87416667,0.02352633211,2495.46094,180,synecho,6244,35.45166524,43.71765713,12.25105304,31.80891014
DeepDOM,2013_086/53.evt,3/27/2013 2:36:34,-37.47736667,-47.87416667,0.02352633211,2495.46094,180,unknown,1165,6.614540359,210.0785601,5.836256134,7.352323392
DeepDOM,2013_086/54.evt,3/27/2013 2:39:34,-37.47958333,-47.86108333,0.02323821687,2495.46094,180,beads,16,0.09196978073,345.8661561,45.01371036,601.1175242
DeepDOM,2013_086/54.evt,3/27/2013 2:39:34,-37.47958333,-47.86108333,0.02323821687,2495.46094,180,picoeuks,1611,9.260207297,367.2571443,131.8352724,19.46498263
DeepDOM,2013_086/54.evt,3/27/2013 2:39:34,-37.47958333,-47.86108333,0.02323821687,2495.46094,180,prochloro,30851,177.3349816,9.821472423,4.048680816,1.937643399
DeepDOM,2013_086/54.evt,3/27/2013 2:39:34,-37.47958333,-47.86108333,0.02323821687,2495.46094,180,synecho,6150,35.35088447,43.81716351,12.62805138,33.48293705
DeepDOM,2013_086/54.evt,3/27/2013 2:39:34,-37.47958333,-47.86108333,0.02323821687,2495.46094,180,unknown,1112,6.391899761,224.9627278,6.550901592,8.039860797
DeepDOM,2013_086/55.evt,3/27/2013 2:42:34,-37.48143333,-47.8501,0.0230169201,2495.46094,180,beads,17,0.0986574032,306.7843898,35.97288633,470.3615434
DeepDOM,2013_086/55.evt,3/27/2013 2:42:34,-37.48143333,-47.8501,0.0230169201,2495.46094,180,picoeuks,1626,9.436290447,357.9415939,129.3049788,10.85725781
DeepDOM,2013_086/55.evt,3/27/2013 2:42:34,-37.48143333,-47.8501,0.0230169201,2495.46094,180,prochloro,30251,175.5579473,9.838650672,4.055949585,1.92905419
DeepDOM,2013_086/55.evt,3/27/2013 2:42:34,-37.48143333,-47.8501,0.0230169201,2495.46094,180,synecho,6216,36.07378931,43.24974984,12.52952717,32.76968253
DeepDOM,2013_086/55.evt,3/27/2013 2:42:34,-37.48143333,-47.8501,0.0230169201,2495.46094,180,unknown,1126,6.534602118,214.369467,6.12653196,7.954664473
DeepDOM,2013_086/56.evt,3/27/2013 2:45:35,-37.48355,-47.8375,0.02325111704,2494.598898,180,beads,25,0.1436726842,344.360623,73.29004667,541.1047511
DeepDOM,2013_086/56.evt,3/27/2013 2:45:35,-37.48355,-47.8375,0.02325111704,2494.598898,180,picoeuks,1516,8.712311568,366.2549593,125.1450738,13.48761427
DeepDOM,2013_086/56.evt,3/27/2013 2:45:35,-37.48355,-47.8375,0.02325111704,2494.598898,180,prochloro,30485,175.1944711,9.572179228,3.917724808,1.92970008
DeepDOM,2013_086/56.evt,3/27/2013 2:45:35,-37.48355,-47.8375,0.02325111704,2494.598898,180,synecho,6072,34.89522153,41.85747049,11.64637018,30.03452419
DeepDOM,2013_086/56.evt,3/27/2013 2:45:35,-37.48355,-47.8375,0.02325111704,2494.598898,180,unknown,1159,6.660665638,215.065274,6.152804264,8.872129205
DeepDOM,2013_086/57.evt,3/27/2013 2:48:35,-37.48566667,-47.82538333,0.0235266026,2495.46094,180,beads,10,0.05677651768,337.0929299,33.3552129,548.6821619
DeepDOM,2013_086/57.evt,3/27/2013 2:48:35,-37.48566667,-47.82538333,0.0235266026,2495.46094,180,picoeuks,1459,8.28369393,365.6974996,123.3983164,14.22936253
DeepDOM,2013_086/57.evt,3/27/2013 2:48:35,-37.48566667,-47.82538333,0.0235266026,2495.46094,180,prochloro,30696,174.2811987,9.575576173,3.820413969,1.939643131
DeepDOM,2013_086/57.evt,3/27/2013 2:48:35,-37.48566667,-47.82538333,0.0235266026,2495.46094,180,synecho,6057,34.38953676,41.58035594,10.70710459,27.02973622
DeepDOM,2013_086/57.evt,3/27/2013 2:48:35,-37.48566667,-47.82538333,0.0235266026,2495.46094,180,unknown,1091,6.194318079,218.8858354,6.358395742,8.59345062
DeepDOM,2013_086/58.evt,3/27/2013 2:51:35,-37.48756667,-47.81366667,0.02387483503,2495.46094,180,beads,19,0.10630194,326.4724968,36.73225156,532.2090784
DeepDOM,2013_086/58.evt,3/27/2013 2:51:35,-37.48756667,-47.81366667,0.02387483503,2495.46094,180,picoeuks,1526,8.537724232,360.3598197,120.8845184,10.27168411
DeepDOM,2013_086/58.evt,3/27/2013 2:51:35,-37.48756667,-47.81366667,0.02387483503,2495.46094,180,prochloro,30694,171.7279866,9.522555465,3.810168886,1.924148439
DeepDOM,2013_086/58.evt,3/27/2013 2:51:35,-37.48756667,-47.81366667,0.02387483503,2495.46094,180,synecho,6077,33.99983628,41.3895107,10.53087837,26.52599791
DeepDOM,2013_086/58.evt,3/27/2013 2:51:35,-37.48756667,-47.81366667,0.02387483503,2495.46094,180,unknown,1103,6.171107358,220.1262107,6.461942434,8.9179752
DeepDOM,2013_086/59.evt,3/27/2013 2:54:36,-37.48966667,-47.8013,0.02428651235,2495.46094,180,beads,11,0.06050001763,387.5441775,41.27688093,608.8691405
DeepDOM,2013_086/59.evt,3/27/2013 2:54:36,-37.48966667,-47.8013,0.02428651235,2495.46094,180,picoeuks,1532,8.426002456,378.0094848,117.8799357,12.94984994
DeepDOM,2013_086/59.evt,3/27/2013 2:54:36,-37.48966667,-47.8013,0.02428651235,2495.46094,180,prochloro,31289,172.0895502,9.258559269,3.727536886,1.903223986
DeepDOM,2013_086/59.evt,3/27/2013 2:54:36,-37.48966667,-47.8013,0.02428651235,2495.46094,180,synecho,5953,32.74150954,41.70511767,10.22310309,25.30006149
DeepDOM,2013_086/59.evt,3/27/2013 2:54:36,-37.48966667,-47.8013,0.02428651235,2495.46094,180,unknown,1211,6.660501941,228.5167355,6.508254678,8.214682425
DeepDOM,2013_086/60.evt,3/27/2013 2:57:35,-37.49148333,-47.79041667,0.02384260579,2495.46094,180,beads,14,0.07843362476,294.1882777,34.59691673,533.5290706
DeepDOM,2013_086/60.evt,3/27/2013 2:57:35,-37.49148333,-47.79041667,0.02384260579,2495.46094,180,picoeuks,1506,8.437217063,380.9069773,122.4229364,12.63498646
DeepDOM,2013_086/60.evt,3/27/2013 2:57:35,-37.49148333,-47.79041667,0.02384260579,2495.46094,180,prochloro,30873,172.9629498,9.195131587,3.696843594,1.916388769
DeepDOM,2013_086/60.evt,3/27/2013 2:57:35,-37.49148333,-47.79041667,0.02384260579,2495.46094,180,synecho,5697,31.91688287,41.96563472,10.5287975,25.44720406
DeepDOM,2013_086/60.evt,3/27/2013 2:57:35,-37.49148333,-47.79041667,0.02384260579,2495.46094,180,unknown,1206,6.756496533,228.0920577,6.078440582,9.437808266
DeepDOM,2013_086/61.evt,3/27/2013 3:00:36,-37.49366667,-47.77723333,0.0240474558,2495.46094,180,beads,19,0.1055388687,326.8057977,31.50887408,482.7001933
DeepDOM,2013_086/61.evt,3/27/2013 3:00:36,-37.49366667,-47.77723333,0.0240474558,2495.46094,180,picoeuks,1489,8.270914499,378.7695354,124.7489158,9.505715106
DeepDOM,2013_086/61.evt,3/27/2013 3:00:36,-37.49366667,-47.77723333,0.0240474558,2495.46094,180,prochloro,31263,173.6558764,9.047779349,3.64916118,1.912229408
DeepDOM,2013_086/61.evt,3/27/2013 3:00:36,-37.49366667,-47.77723333,0.0240474558,2495.46094,180,synecho,5806,32.2504564,42.04933163,9.930110538,24.28065125
DeepDOM,2013_086/61.evt,3/27/2013 3:00:36,-37.49366667,-47.77723333,0.0240474558,2495.46094,180,unknown,1232,6.843362433,233.4930218,6.251185474,7.820297702
DeepDOM,2013_086/62.evt,3/27/2013 3:03:36,-37.49561667,-47.76535,0.02408699563,2495.46094,180,beads,25,0.1386389765,338.7416714,42.44835105,525.7189989
DeepDOM,2013_086/62.evt,3/27/2013 3:03:36,-37.49561667,-47.76535,0.02408699563,2495.46094,180,picoeuks,1581,8.767528876,386.7262131,125.0986309,9.398044929
DeepDOM,2013_086/62.evt,3/27/2013 3:03:36,-37.49561667,-47.76535,0.02408699563,2495.46094,180,prochloro,31343,173.8144577,8.942626353,3.600936193,1.920278594
DeepDOM,2013_086/62.evt,3/27/2013 3:03:36,-37.49561667,-47.76535,0.02408699563,2495.46094,180,synecho,5842,32.39715604,41.53340313,9.496990957,23.41535387
DeepDOM,2013_086/62.evt,3/27/2013 3:03:36,-37.49561667,-47.76535,0.02408699563,2495.46094,180,unknown,1325,7.347865756,241.0790348,6.153308541,8.108715606
DeepDOM,2013_086/63.evt,3/27/2013 3:06:36,-37.49765,-47.75341667,0.02407833325,2494.598898,180,beads,17,0.09434100959,349.5965231,45.26633465,595.6260981
DeepDOM,2013_086/63.evt,3/27/2013 3:06:36,-37.49765,-47.75341667,0.02407833325,2494.598898,180,picoeuks,1527,8.47404245,394.0057525,122.0620285,9.787506591
DeepDOM,2013_086/63.evt,3/27/2013 3:06:36,-37.49765,-47.75341667,0.02407833325,2494.598898,180,prochloro,31730,176.0847197,8.723087459,3.526615151,1.964857933
DeepDOM,2013_086/63.evt,3/27/2013 3:06:36,-37.49765,-47.75341667,0.02407833325,2494.598898,180,synecho,5786,32.10924009,41.70052006,9.13257053,22.26726206
DeepDOM,2013_086/63.evt,3/27/2013 3:06:36,-37.49765,-47.75341667,0.02407833325,2494.598898,180,unknown,1340,7.436291344,217.7326446,6.254674942,8.677821887
DeepDOM,2013_086/64.evt,3/27/2013 3:09:37,-37.49963333,-47.7417,0.02423547068,2495.46094,180,beads,20,0.1102317002,330.3553015,46.62548068,497.8945173
DeepDOM,2013_086/64.evt,3/27/2013 3:09:37,-37.49963333,-47.7417,0.02423547068,2495.46094,180,picoeuks,1486,8.190215322,363.421161,112.4003955,11.49459872
DeepDOM,2013_086/64.evt,3/27/2013 3:09:37,-37.49963333,-47.7417,0.02423547068,2495.46094,180,prochloro,31826,175.4117045,8.762260157,3.421997558,1.921764119
DeepDOM,2013_086/64.evt,3/27/2013 3:09:37,-37.49963333,-47.7417,0.02423547068,2495.46094,180,synecho,5444,30.00506878,41.16706797,8.227356361,19.96776607
DeepDOM,2013_086/64.evt,3/27/2013 3:09:37,-37.49963333,-47.7417,0.02423547068,2495.46094,180,unknown,1337,7.368989156,214.696295,6.144912039,7.717451436
DeepDOM,2013_086/65.evt,3/27/2013 3:12:37,-37.50185,-47.72986667,0.02357520233,2495.46094,180,beads,20,0.1133189484,346.1419094,35.32528889,532.213857
DeepDOM,2013_086/65.evt,3/27/2013 3:12:37,-37.50185,-47.72986667,0.02357520233,2495.46094,180,picoeuks,1434,8.124968602,381.6923434,120.3343452,14.41828856
DeepDOM,2013_086/65.evt,3/27/2013 3:12:37,-37.50185,-47.72986667,0.02357520233,2495.46094,180,prochloro,31014,175.7236933,8.722230024,3.439399494,1.921836098
DeepDOM,2013_086/65.evt,3/27/2013 3:12:37,-37.50185,-47.72986667,0.02357520233,2495.46094,180,synecho,5029,28.49404958,41.27863595,8.525188842,20.56727618
DeepDOM,2013_086/65.evt,3/27/2013 3:12:37,-37.50185,-47.72986667,0.02357520233,2495.46094,180,unknown,1262,7.150425645,216.4849869,6.195291157,7.40378535
DeepDOM,2013_086/66.evt,3/27/2013 3:15:37,-37.50391667,-47.71805,0.02256058181,2495.46094,180,beads,18,0.1065737331,311.3991506,39.43475202,543.7774653
DeepDOM,2013_086/66.evt,3/27/2013 3:15:37,-37.50391667,-47.71805,0.02256058181,2495.46094,180,picoeuks,1473,8.721283823,346.6631928,124.982384,11.55721422
DeepDOM,2013_086/66.evt,3/27/2013 3:15:37,-37.50391667,-47.71805,0.02256058181,2495.46094,180,prochloro,29813,176.5157058,8.598855447,3.514225411,1.92467264
DeepDOM,2013_086/66.evt,3/27/2013 3:15:37,-37.50391667,-47.71805,0.02256058181,2495.46094,180,synecho,4650,27.53154771,41.33946867,9.587115545,23.28873549
DeepDOM,2013_086/66.evt,3/27/2013 3:15:37,-37.50391667,-47.71805,0.02256058181,2495.46094,180,unknown,1284,7.602259626,218.2972548,6.595075821,8.09777461
DeepDOM,2013_086/67.evt,3/27/2013 3:18:37,-37.5061,-47.70588333,0.0209943584,2494.598898,180,beads,18,0.1145639337,307.4916537,31.99645586,529.008255
DeepDOM,2013_086/67.evt,3/27/2013 3:18:37,-37.5061,-47.70588333,0.0209943584,2494.598898,180,picoeuks,1604,10.20891943,376.9943386,142.9086069,11.72630059
DeepDOM,2013_086/67.evt,3/27/2013 3:18:37,-37.5061,-47.70588333,0.0209943584,2494.598898,180,prochloro,27664,176.0720368,8.562189711,3.488919674,1.910493613
DeepDOM,2013_086/67.evt,3/27/2013 3:18:37,-37.5061,-47.70588333,0.0209943584,2494.598898,180,synecho,4106,26.13330622,42.13732165,10.65958523,25.81104846
DeepDOM,2013_086/67.evt,3/27/2013 3:18:37,-37.5061,-47.70588333,0.0209943584,2494.598898,180,unknown,1384,8.808693571,212.7486444,6.669685853,7.393645099
DeepDOM,2013_086/68.evt,3/27/2013 3:21:38,-37.50831667,-47.69415,0.02003023182,2495.46094,180,beads,16,0.1066993997,338.7932852,33.68190231,564.7145527
DeepDOM,2013_086/68.evt,3/27/2013 3:21:38,-37.50831667,-47.69415,0.02003023182,2495.46094,180,picoeuks,1787,11.9169892,380.5044513,146.7986409,12.81824471
DeepDOM,2013_086/68.evt,3/27/2013 3:21:38,-37.50831667,-47.69415,0.02003023182,2495.46094,180,prochloro,26440,176.3207579,8.529676834,3.419367228,1.915282181
DeepDOM,2013_086/68.evt,3/27/2013 3:21:38,-37.50831667,-47.69415,0.02003023182,2495.46094,180,synecho,3599,24.00069621,42.49772028,10.45978808,26.63149577
DeepDOM,2013_086/68.evt,3/27/2013 3:21:38,-37.50831667,-47.69415,0.02003023182,2495.46094,180,unknown,1458,9.722982794,230.8612732,6.991517341,8.665899452
DeepDOM,2013_086/69.evt,3/27/2013 3:24:38,-37.51048333,-47.68208333,0.01923209518,2495.46094,180,beads,22,0.1528002448,326.4038133,34.40315503,493.6006853
DeepDOM,2013_086/69.evt,3/27/2013 3:24:38,-37.51048333,-47.68208333,0.01923209518,2495.46094,180,picoeuks,1764,12.25180144,379.5754106,148.1069407,11.35766509
DeepDOM,2013_086/69.evt,3/27/2013 3:24:38,-37.51048333,-47.68208333,0.01923209518,2495.46094,180,prochloro,25447,176.7412649,8.240064241,3.261235411,1.915918021
DeepDOM,2013_086/69.evt,3/27/2013 3:24:38,-37.51048333,-47.68208333,0.01923209518,2495.46094,180,synecho,3239,22.49636331,42.14211824,9.64152825,24.48782803
DeepDOM,2013_086/69.evt,3/27/2013 3:24:38,-37.51048333,-47.68208333,0.01923209518,2495.46094,180,unknown,1605,11.1474724,217.6712844,6.045206741,5.736718664
DeepDOM,2013_086/70.evt,3/27/2013 3:27:38,-37.51263333,-47.67046667,0.0187181682,2495.46094,180,beads,15,0.107042411,333.3310996,44.05276479,624.3395005
DeepDOM,2013_086/70.evt,3/27/2013 3:27:38,-37.51263333,-47.67046667,0.0187181682,2495.46094,180,picoeuks,1832,13.07344646,369.8820346,143.0319872,13.25848149
DeepDOM,2013_086/70.evt,3/27/2013 3:27:38,-37.51263333,-47.67046667,0.0187181682,2495.46094,180,prochloro,24560,175.2641076,8.172450055,3.227185062,1.931023239
DeepDOM,2013_086/70.evt,3/27/2013 3:27:38,-37.51263333,-47.67046667,0.0187181682,2495.46094,180,synecho,3139,22.40040854,42.92740234,9.762724866,24.87627293
DeepDOM,2013_086/70.evt,3/27/2013 3:27:38,-37.51263333,-47.67046667,0.0187181682,2495.46094,180,unknown,1572,11.21804467,206.5035222,6.355547058,5.600233309
DeepDOM,2013_086/71.evt,3/27/2013 3:30:38,-37.51465,-47.6589,0.01841121201,2495.46094,180,beads,17,0.1233373211,381.2638042,47.85584701,602.9630645
DeepDOM,2013_086/71.evt,3/27/2013 3:30:38,-37.51465,-47.6589,0.01841121201,2495.46094,180,picoeuks,1882,13.65416696,394.7720787,147.9860858,8.953335381
DeepDOM,2013_086/71.evt,3/27/2013 3:30:38,-37.51465,-47.6589,0.01841121201,2495.46094,180,prochloro,24042,174.4279925,8.044109624,3.063401338,1.906825009
DeepDOM,2013_086/71.evt,3/27/2013 3:30:38,-37.51465,-47.6589,0.01841121201,2495.46094,180,synecho,2813,20.40869907,43.05490719,8.846846528,21.88923261
DeepDOM,2013_086/71.evt,3/27/2013 3:30:38,-37.51465,-47.6589,0.01841121201,2495.46094,180,unknown,1634,11.8548931,213.8181931,5.990204562,5.512495841
DeepDOM,2013_086/72.evt,3/27/2013 3:33:39,-37.51653333,-47.64781667,0.01784275059,2496.32259,180,beads,25,0.1870924414,348.1584894,40.72576698,603.3524497
DeepDOM,2013_086/72.evt,3/27/2013 3:33:39,-37.51653333,-47.64781667,0.01784275059,2496.32259,180,picoeuks,1832,13.7101341,390.7959802,145.7991463,6.491809214
DeepDOM,2013_086/72.evt,3/27/2013 3:33:39,-37.51653333,-47.64781667,0.01784275059,2496.32259,180,prochloro,23173,173.4197258,7.831083327,2.972195158,1.901129341
DeepDOM,2013_086/72.evt,3/27/2013 3:33:39,-37.51653333,-47.64781667,0.01784275059,2496.32259,180,synecho,2592,19.39774432,41.95028321,8.054591581,19.55124843
DeepDOM,2013_086/72.evt,3/27/2013 3:33:39,-37.51653333,-47.64781667,0.01784275059,2496.32259,180,unknown,1667,12.47532399,210.3942676,6.048679292,6.125254633
DeepDOM,2013_086/73.evt,3/27/2013 3:36:39,-37.51883333,-47.64166667,0.01731928213,2495.46094,180,beads,18,0.1388259286,332.5957244,41.07912108,546.2087817
DeepDOM,2013_086/73.evt,3/27/2013 3:36:39,-37.51883333,-47.64166667,0.01731928213,2495.46094,180,picoeuks,1808,13.94429327,398.607635,141.9016748,6.082844479
DeepDOM,2013_086/73.evt,3/27/2013 3:36:39,-37.51883333,-47.64166667,0.01731928213,2495.46094,180,prochloro,22430,172.9925321,7.921471808,2.99594936,1.890625595
DeepDOM,2013_086/73.evt,3/27/2013 3:36:39,-37.51883333,-47.64166667,0.01731928213,2495.46094,180,synecho,2604,20.08348433,41.75811112,8.717559754,19.91602596
DeepDOM,2013_086/73.evt,3/27/2013 3:36:39,-37.51883333,-47.64166667,0.01731928213,2495.46094,180,unknown,1708,13.17303811,216.0922016,6.306705493,5.516460602
DeepDOM,2013_086/74.evt,3/27/2013 3:39:39,-37.52081667,-47.63385,0.01707186346,2495.46094,180,beads,19,0.1486622293,318.1633961,36.65315343,518.800012
DeepDOM,2013_086/74.evt,3/27/2013 3:39:39,-37.52081667,-47.63385,0.01707186346,2495.46094,180,picoeuks,1847,14.45153356,383.0000078,143.1749208,8.596657189
DeepDOM,2013_086/74.evt,3/27/2013 3:39:39,-37.52081667,-47.63385,0.01707186346,2495.46094,180,prochloro,22316,174.6077005,8.024493734,3.014087646,1.920877278
DeepDOM,2013_086/74.evt,3/27/2013 3:39:39,-37.52081667,-47.63385,0.01707186346,2495.46094,180,synecho,2650,20.73446883,42.52973203,8.577606576,20.06416126
DeepDOM,2013_086/74.evt,3/27/2013 3:39:39,-37.52081667,-47.63385,0.01707186346,2495.46094,180,unknown,1707,13.35612766,213.0275252,6.279833622,6.094731882
DeepDOM,2013_086/75.evt,3/27/2013 3:42:39,-37.52325,-47.6231,0.01744095705,2495.46094,180,beads,25,0.1914686455,342.0674499,79.79955041,570.2257509
DeepDOM,2013_086/75.evt,3/27/2013 3:42:39,-37.52325,-47.6231,0.01744095705,2495.46094,180,picoeuks,1781,13.6402263,392.4430902,143.7258235,10.69414251
DeepDOM,2013_086/75.evt,3/27/2013 3:42:39,-37.52325,-47.6231,0.01744095705,2495.46094,180,prochloro,23191,177.6139743,7.982786925,2.989465144,1.913742895
DeepDOM,2013_086/75.evt,3/27/2013 3:42:39,-37.52325,-47.6231,0.01744095705,2495.46094,180,synecho,3002,22.99155495,41.20365845,8.379373757,20.39539346
DeepDOM,2013_086/75.evt,3/27/2013 3:42:39,-37.52325,-47.6231,0.01744095705,2495.46094,180,unknown,1745,13.36451145,214.0157118,6.330901083,5.245960998
DeepDOM,2013_086/76.evt,3/27/2013 3:45:39,-37.5256,-47.61485,0.01910194175,2495.46094,180,beads,23,0.1608341575,323.2628063,34.44378853,534.3595321
DeepDOM,2013_086/76.evt,3/27/2013 3:45:39,-37.5256,-47.61485,0.01910194175,2495.46094,180,picoeuks,1863,13.02756676,382.5027561,142.5523122,11.83027905
DeepDOM,2013_086/76.evt,3/27/2013 3:45:39,-37.5256,-47.61485,0.01910194175,2495.46094,180,prochloro,25318,177.0434435,8.210609278,3.342036099,1.919620304
DeepDOM,2013_086/76.evt,3/27/2013 3:45:39,-37.5256,-47.61485,0.01910194175,2495.46094,180,synecho,4319,30.20185767,41.47010387,10.67058734,25.90287863